,production_score,retrieval_score,recommendation_score,evaluation_score,specificity_score,evidence_support_score,title_progression_score,behavior_score,contradiction_score
production_score,1.0,-0.07330240462924224,-0.03296465451247169,0.1504058941961434,-0.017898703105859712,0.08235808907174946,-0.0011186060603740231,0.19862257494452448,-0.007998476701424184
retrieval_score,-0.07330240462924224,1.0,0.18690620647854692,-0.02204281913254537,0.14392677968169765,0.2125283651385304,-0.0012574515825443256,-0.09657214758620808,0.01985480563292933
recommendation_score,-0.03296465451247169,0.18690620647854692,1.0,0.12743680229135562,0.057523445202901674,0.324303392565211,-0.004411648881596464,0.08770871361813891,0.024352729666373203
evaluation_score,0.1504058941961434,-0.02204281913254537,0.12743680229135562,1.0,0.11080751941914123,0.18800378510482635,-0.0038373889288624776,0.14703459166332616,0.028058726586723995
specificity_score,-0.017898703105859712,0.14392677968169765,0.057523445202901674,0.11080751941914123,1.0,0.04538012744501026,-0.0010554181286233067,-0.14008857464236898,0.007403606588179608
evidence_support_score,0.08235808907174946,0.2125283651385304,0.324303392565211,0.18800378510482635,0.04538012744501026,1.0,-0.0010412203538431482,0.07027169234325019,0.01911934530725425
title_progression_score,-0.0011186060603740231,-0.0012574515825443256,-0.004411648881596464,-0.0038373889288624776,-0.0010554181286233067,-0.0010412203538431482,1.0,-0.0008995978672557285,-9.150353187092103e-05
behavior_score,0.19862257494452448,-0.09657214758620808,0.08770871361813891,0.14703459166332616,-0.14008857464236898,0.07027169234325019,-0.0008995978672557285,1.0,0.015653046474568725
contradiction_score,-0.007998476701424184,0.01985480563292933,0.024352729666373203,0.028058726586723995,0.007403606588179608,0.01911934530725425,-9.150353187092103e-05,0.015653046474568725,1.0
