,production_score,retrieval_score,recommendation_score,evaluation_score,specificity_score,evidence_support_score,title_progression_score,behavior_score,contradiction_score
production_score,1.0,-0.03801944848360654,-0.001445582719281206,0.15867913455017968,-0.039522916452175524,0.06122398381825241,-0.001330362972151801,0.20334310510375786,-0.0029289124555636763
retrieval_score,-0.03801944848360654,1.0,0.2561458549724959,0.011728840633378935,0.1350882102354519,0.3433148098743162,-0.0014205279669302956,-0.0719118391119191,0.03106430436730607
recommendation_score,-0.001445582719281206,0.2561458549724959,1.0,0.12743680229135562,0.04950622744690394,0.4593725343405655,-0.004411648881596464,0.08770871361813891,0.024352729666373203
evaluation_score,0.15867913455017968,0.011728840633378935,0.12743680229135562,1.0,0.10114204745633677,0.1539050201229477,-0.0038373889288624776,0.14703459166332616,0.028058726586723995
specificity_score,-0.039522916452175524,0.1350882102354519,0.04950622744690394,0.10114204745633677,1.0,0.03451204869949639,-0.0005541408231219221,-0.13926694833835995,0.007072085430918892
evidence_support_score,0.06122398381825241,0.3433148098743162,0.4593725343405655,0.1539050201229477,0.03451204869949639,1.0,-0.001875061579053919,0.07203714272658293,0.0356204374134376
title_progression_score,-0.001330362972151801,-0.0014205279669302956,-0.004411648881596464,-0.0038373889288624776,-0.0005541408231219221,-0.001875061579053919,1.0,-0.0008995978672557285,-9.150353187092103e-05
behavior_score,0.20334310510375786,-0.0719118391119191,0.08770871361813891,0.14703459166332616,-0.13926694833835995,0.07203714272658293,-0.0008995978672557285,1.0,0.015653046474568725
contradiction_score,-0.0029289124555636763,0.03106430436730607,0.024352729666373203,0.028058726586723995,0.007072085430918892,0.0356204374134376,-9.150353187092103e-05,0.015653046474568725,1.0
