{
  "protected_elite_thresholds": {
    "relevance": 0.23999999463558197,
    "production": 35.099998474121094
  }
}