,production_score,retrieval_score,recommendation_score,evaluation_score,specificity_score,evidence_support_score,title_progression_score,behavior_score,contradiction_score
production_score,1.0,-0.03576501558785971,0.0002205811680256162,0.1602375304977449,-0.040327013904872526,0.06083340559158989,-0.0013193367274956355,0.20467205524866647,-0.002602130972507083
retrieval_score,-0.03576501558785971,1.0,0.2575240035070576,0.013568484058634693,0.13400037711190263,0.3468230579078292,-0.0014139114147440459,-0.07018067687450158,0.031254820034613814
recommendation_score,0.0002205811680256162,0.2575240035070576,1.0,0.12743680229135562,0.04950622744690394,0.4640516969100988,-0.004411648881596464,0.08770871361813891,0.024352729666373203
evaluation_score,0.1602375304977449,0.013568484058634693,0.12743680229135562,1.0,0.10114204745633677,0.15204377689096055,-0.0038373889288624776,0.14703459166332616,0.028058726586723995
specificity_score,-0.040327013904872526,0.13400037711190263,0.04950622744690394,0.10114204745633677,1.0,0.03495808892034915,-0.0005541408231219221,-0.13926694833835995,0.007072085430918892
evidence_support_score,0.06083340559158989,0.3468230579078292,0.4640516969100988,0.15204377689096055,0.03495808892034915,1.0,-0.001948872506627484,0.07249730253744233,0.03573346342932324
title_progression_score,-0.0013193367274956355,-0.0014139114147440459,-0.004411648881596464,-0.0038373889288624776,-0.0005541408231219221,-0.001948872506627484,1.0,-0.0008995978672557285,-9.150353187092103e-05
behavior_score,0.20467205524866647,-0.07018067687450158,0.08770871361813891,0.14703459166332616,-0.13926694833835995,0.07249730253744233,-0.0008995978672557285,1.0,0.015653046474568725
contradiction_score,-0.002602130972507083,0.031254820034613814,0.024352729666373203,0.028058726586723995,0.007072085430918892,0.03573346342932324,-9.150353187092103e-05,0.015653046474568725,1.0
