,production_score,retrieval_score,recommendation_score,evaluation_score,evidence_support_score
production_score,1.0,-0.03801944848360654,-0.001445582719281206,0.15867913455017968,0.06122398381825241
retrieval_score,-0.03801944848360654,1.0,0.2561458549724959,0.011728840633378935,0.3433148098743162
recommendation_score,-0.001445582719281206,0.2561458549724959,1.0,0.12743680229135562,0.4593725343405655
evaluation_score,0.15867913455017968,0.011728840633378935,0.12743680229135562,1.0,0.1539050201229477
evidence_support_score,0.06122398381825241,0.3433148098743162,0.4593725343405655,0.1539050201229477,1.0
