test,overlap_100,avg_move
ALPHA_+0.05,99,19.87156
ALPHA_-0.05,100,21.10122
BETA_+0.05,100,1.73232
BETA_-0.05,99,1.49928
GAMMA_+0.05,100,1.17714
GAMMA_-0.05,99,1.1627
W_PROD_+0.05,99,14.0339
W_PROD_-0.05,100,17.31882
W_SPEC_+0.05,100,15.69652
W_SPEC_-0.05,99,15.27916
W_EVID_+0.05,100,1.42284
W_EVID_-0.05,99,1.48726
